Methodology,Success_Rate_Pct,Speed_ms,Off_Target_Pct,Multiplex_Success_Pct
Primer3 (Thermo-only),81.66666666666667,0.0012946656594673793,15.000000000000005,60.0
NCBI Primer-BLAST,85.33333333333334,20.93984638851886,3.9999999999999982,66.66666666666667
ThermoPlex-Style Greedy,87.0,0.00025466705362002057,3.3333333333333335,73.33333333333333
PrimerForge (Ours),95.3367301783829,62.09908532910049,0.0,100.0
